Date,Close
7/1/2000 16:00,21.44
14/01/2000 16:00:00,20.5
21/01/2000 16:00:00,21
28/01/2000 16:00:00,18.94
4/2/2000 16:00,19.13
11/2/2000 16:00,17.5
18/02/2000 16:00:00,17.44
25/02/2000 16:00:00,17.75
3/3/2000 16:00,17
10/3/2000 16:00,16.81
17/03/2000 16:00:00,17.75
24/03/2000 16:00:00,17.5
31/03/2000 16:00:00,20.44
7/4/2000 16:00,21.06
14/04/2000 16:00:00,20.69
20/04/2000 16:00:00,22.69
28/04/2000 16:00:00,24.88
5/5/2000 16:00,26.19
12/5/2000 16:00,25.81
19/05/2000 16:00:00,24.31
26/05/2000 16:00:00,24.06
2/6/2000 16:00,25.94
9/6/2000 16:00,25.31
16/06/2000 16:00:00,24.31
23/06/2000 16:00:00,24.19
30/06/2000 16:00:00,24.81
7/7/2000 16:00,25.31
14/07/2000 16:00:00,26.38
21/07/2000 16:00:00,26.31
28/07/2000 16:00:00,27.75
4/8/2000 16:00,29
11/8/2000 16:00,29.63
18/08/2000 16:00:00,28
25/08/2000 16:00:00,28.69
1/9/2000 16:00,28.06
8/9/2000 16:00,29.94
15/09/2000 16:00:00,29.56
22/09/2000 16:00:00,30.38
29/09/2000 16:00:00,32.96
6/10/2000 16:00,31.78
13/10/2000 16:00:00,33.62
20/10/2000 16:00:00,34.01
27/10/2000 16:00:00,34.55
3/11/2000 16:00,32.3
10/11/2000 16:00,31.89
17/11/2000 16:00:00,33.59
24/11/2000 16:00:00,34.35
1/12/2000 16:00,31.4
8/12/2000 16:00,32.26
15/12/2000 16:00:00,31.24
22/12/2000 16:00:00,32.5
29/12/2000 16:00:00,33.95
5/1/2001 16:00,32.85
12/1/2001 16:00,33.55
19/01/2001 16:00:00,31.73
26/01/2001 16:00:00,34.88
2/2/2001 16:00,36.4
9/2/2001 16:00,36.13
16/02/2001 16:00:00,36.25
23/02/2001 16:00:00,36.95
2/3/2001 16:00,38.3
9/3/2001 16:00,38.56
16/03/2001 16:00:00,37
23/03/2001 16:00:00,34.9
30/03/2001 16:00:00,35.65
6/4/2001 16:00,36
12/4/2001 16:00,36.65
20/04/2001 16:00:00,34.97
27/04/2001 16:00:00,36
4/5/2001 16:00,36
11/5/2001 16:00,36.62
18/05/2001 16:00:00,38.35
25/05/2001 16:00:00,38
1/6/2001 16:00,38.56
8/6/2001 16:00,37.37
15/06/2001 16:00:00,37.17
22/06/2001 16:00:00,35.69
29/06/2001 16:00:00,37.05
6/7/2001 16:00,36.5
13/07/2001 16:00:00,36.73
20/07/2001 16:00:00,37.49
27/07/2001 16:00:00,39.2
3/8/2001 16:00,38.65
10/8/2001 16:00,38.99
17/08/2001 16:00:00,39.15
24/08/2001 16:00:00,39.84
31/08/2001 16:00:00,39.86
7/9/2001 16:00,38.49
10/9/2001 16:00,38.32
21/09/2001 16:00:00,42.2
28/09/2001 16:00:00,44.2
5/10/2001 16:00,47.73
12/10/2001 16:00,45.45
19/10/2001 16:00:00,47.66
26/10/2001 16:00:00,50.83
2/11/2001 16:00,48.38
9/11/2001 16:00,47.5
16/11/2001 16:00:00,44.75
23/11/2001 16:00:00,45.01
30/11/2001 16:00:00,46.31
7/12/2001 16:00,45.74
14/12/2001 16:00:00,46.05
21/12/2001 16:00:00,46
28/12/2001 16:00:00,46.79
4/1/2002 16:00,47.26
11/1/2002 16:00,46.74
18/01/2002 16:00:00,48.66
25/01/2002 16:00:00,50
1/2/2002 16:00,52.43
8/2/2002 16:00,54.38
15/02/2002 16:00:00,54.87
22/02/2002 16:00:00,54.22
1/3/2002 16:00,57.07
8/3/2002 16:00,56.74
15/03/2002 16:00:00,57.81
22/03/2002 16:00:00,56.25
28/03/2002 16:00:00,57.58
5/4/2002 16:00,59.09
12/4/2002 16:00,61.54
19/04/2002 16:00:00,59.85
26/04/2002 16:00:00,61.52
3/5/2002 16:00,62.85
10/5/2002 16:00,61.52
17/05/2002 16:00:00,61.7
24/05/2002 16:00:00,62.38
31/05/2002 16:00:00,62.04
7/6/2002 16:00,63.4
14/06/2002 16:00:00,65.27
21/06/2002 16:00:00,70.36
28/06/2002 16:00:00,69.5
5/7/2002 16:00,69.26
12/7/2002 16:00,62.64
19/07/2002 16:00:00,56.1
26/07/2002 16:00:00,60.12
2/8/2002 16:00,61.78
9/8/2002 16:00,65.6
16/08/2002 16:00:00,65.42
23/08/2002 16:00:00,59.71
30/08/2002 16:00:00,63.32
6/9/2002 16:00,64.67
13/09/2002 16:00:00,65.73
20/09/2002 16:00:00,65.23
27/09/2002 16:00:00,65.55
4/10/2002 16:00,61
11/10/2002 16:00,62.45
18/10/2002 16:00:00,59.38
25/10/2002 16:00:00,56.63
1/11/2002 16:00,56.38
8/11/2002 16:00,56.43
15/11/2002 16:00:00,50.35
22/11/2002 16:00:00,51.84
29/11/2002 16:00:00,52.2
6/12/2002 16:00,52.24
13/12/2002 16:00:00,49.7
20/12/2002 16:00:00,54.62
27/12/2002 16:00:00,57.7
3/1/2003 16:00,58.71
10/1/2003 16:00,56.99
17/01/2003 16:00:00,52.5
24/01/2003 16:00:00,50.9
31/01/2003 16:00:00,51.05
7/2/2003 16:00,50.1
14/02/2003 16:00:00,47.4
21/02/2003 16:00:00,45.57
28/02/2003 16:00:00,45.72
7/3/2003 16:00,43.56
14/03/2003 16:00:00,45.19
21/03/2003 16:00:00,45.41
28/03/2003 16:00:00,48.14
4/4/2003 16:00,46.6
11/4/2003 16:00,44.11
17/04/2003 16:00:00,45.36
25/04/2003 16:00:00,49.41
2/5/2003 16:00,50.22
9/5/2003 16:00,48.84
16/05/2003 16:00:00,49
23/05/2003 16:00:00,47.93
30/05/2003 16:00:00,46.42
6/6/2003 16:00,46.41
13/06/2003 16:00:00,47.9
20/06/2003 16:00:00,48.63
27/06/2003 16:00:00,47.52
3/7/2003 16:00,48.4
11/7/2003 16:00,49.38
18/07/2003 16:00:00,52.05
25/07/2003 16:00:00,53
1/8/2003 16:00,51.52
8/8/2003 16:00,50.59
15/08/2003 16:00:00,50.61
22/08/2003 16:00:00,49.88
29/08/2003 16:00:00,51.23
5/9/2003 16:00,52.01
12/9/2003 16:00,51.11
19/09/2003 16:00:00,48.7
26/09/2003 16:00:00,45.43
3/10/2003 16:00,45.7
10/10/2003 16:00,46.2
17/10/2003 16:00:00,45.9
24/10/2003 16:00:00,46.52
31/10/2003 16:00:00,46.36
7/11/2003 16:00,46.04
14/11/2003 16:00:00,45.2
21/11/2003 16:00:00,46.4
28/11/2003 16:00:00,45.94
5/12/2003 16:00,47.42
12/12/2003 16:00,48.9
19/12/2003 16:00:00,50.25
26/12/2003 16:00:00,50.7
2/1/2004 16:00,50.7
9/1/2004 16:00,51.55
16/01/2004 16:00:00,51.51
23/01/2004 16:00:00,50.78
30/01/2004 16:00:00,48.62
6/2/2004 16:00,49.39
13/02/2004 16:00:00,49.4
20/02/2004 16:00:00,48.5
27/02/2004 16:00:00,46.28
5/3/2004 16:00,45.05
12/3/2004 16:00,44.48
19/03/2004 16:00:00,44.1
26/03/2004 16:00:00,45.81
2/4/2004 16:00,46.69
8/4/2004 16:00,47.54
16/04/2004 16:00:00,47
23/04/2004 16:00:00,46.16
30/04/2004 16:00:00,47.51
7/5/2004 16:00,48.57
14/05/2004 16:00:00,47.27
21/05/2004 16:00:00,46.86
28/05/2004 16:00:00,49.54
4/6/2004 16:00,49.28
10/6/2004 16:00,50.95
18/06/2004 16:00:00,50.47
25/06/2004 16:00:00,51.97
2/7/2004 16:00,51.57
9/7/2004 16:00,53.99
16/07/2004 16:00:00,54.7
23/07/2004 16:00:00,53.25
30/07/2004 16:00:00,52.82
6/8/2004 16:00,52.76
13/08/2004 16:00:00,52.97
20/08/2004 16:00:00,54.12
27/08/2004 16:00:00,53.4
3/9/2004 16:00,54.71
10/9/2004 16:00,54.23
17/09/2004 16:00:00,54.67
24/09/2004 16:00:00,54.36
1/10/2004 16:00,56.32
8/10/2004 16:00,55.42
15/10/2004 16:00:00,53.85
22/10/2004 16:00:00,53.53
29/10/2004 16:00:00,55.09
5/11/2004 16:00,56.85
12/11/2004 16:00,58.56
19/11/2004 16:00:00,58.35
26/11/2004 16:00:00,59.54
3/12/2004 16:00,61.62
10/12/2004 16:00,59.45
17/12/2004 16:00:00,58.93
23/12/2004 16:00:00,58.94
31/12/2004 16:00:00,55.55
7/1/2005 16:00,54.77
14/01/2005 16:00:00,56
21/01/2005 16:00:00,54.75
28/01/2005 16:00:00,56.38
4/2/2005 16:00,57.65
11/2/2005 16:00,59.69
18/02/2005 16:00:00,59.19
25/02/2005 16:00:00,59.81
4/3/2005 16:00,59.94
11/3/2005 16:00,59.49
18/03/2005 16:00:00,60.55
24/03/2005 16:00:00,59.83
1/4/2005 16:00,61.16
8/4/2005 16:00,61.32
15/04/2005 16:00:00,59.31
22/04/2005 16:00:00,58.8
29/04/2005 16:00:00,60.95
6/5/2005 16:00,63.03
13/05/2005 16:00:00,64.02
20/05/2005 16:00:00,64.54
27/05/2005 16:00:00,65.4
3/6/2005 16:00,65.06
10/6/2005 16:00,65.15
17/06/2005 16:00:00,64.66
24/06/2005 16:00:00,63.51
1/7/2005 16:00,64.55
8/7/2005 16:00,62.5
15/07/2005 16:00:00,61.75
22/07/2005 16:00:00,62
29/07/2005 16:00:00,62.4
5/8/2005 16:00,62.83
12/8/2005 16:00,62.45
19/08/2005 16:00:00,62.46
26/08/2005 16:00:00,61.76
2/9/2005 16:00,61.58
9/9/2005 16:00,62.75
16/09/2005 16:00:00,62.38
23/09/2005 16:00:00,61.29
30/09/2005 16:00:00,61.04
7/10/2005 16:00,60.33
14/10/2005 16:00:00,60.72
21/10/2005 16:00:00,60.8
28/10/2005 16:00:00,61.32
4/11/2005 16:00,59.16
11/11/2005 16:00,59.39
18/11/2005 16:00:00,59.96
25/11/2005 16:00:00,60.65
2/12/2005 16:00,61.63
9/12/2005 16:00,62.92
16/12/2005 16:00:00,63.81
23/12/2005 16:00:00,63.56
30/12/2005 16:00:00,63.63
6/1/2006 16:00,65.47
13/01/2006 16:00:00,65.79
20/01/2006 16:00:00,64.88
27/01/2006 16:00:00,66.18
3/2/2006 16:00,68.92
10/2/2006 16:00,71.37
17/02/2006 16:00:00,72.84
24/02/2006 16:00:00,74.58
3/3/2006 16:00,73.5
10/3/2006 16:00,74.33
17/03/2006 16:00:00,75.95
24/03/2006 16:00:00,75.99
31/03/2006 16:00:00,75.13
7/4/2006 16:00,73.81
13/04/2006 16:00:00,72.83
21/04/2006 16:00:00,77.04
28/04/2006 16:00:00,75.9
5/5/2006 16:00,76.39
12/5/2006 16:00,74.62
19/05/2006 16:00:00,74.33
26/05/2006 16:00:00,72.33
2/6/2006 16:00,73.12
9/6/2006 16:00,72.06
16/06/2006 16:00:00,71.32
23/06/2006 16:00:00,71.31
30/06/2006 16:00:00,71.74
7/7/2006 16:00,73.22
14/07/2006 16:00:00,75.3
21/07/2006 16:00:00,75.63
28/07/2006 16:00:00,80.49
4/8/2006 16:00,83.54
11/8/2006 16:00,81.82
18/08/2006 16:00:00,83.55
25/08/2006 16:00:00,83.08
1/9/2006 16:00,83.68
8/9/2006 16:00,83.42
15/09/2006 16:00:00,83
22/09/2006 16:00:00,82.85
29/09/2006 16:00:00,86.06
6/10/2006 16:00,87.38
13/10/2006 16:00:00,88.6
20/10/2006 16:00:00,87
27/10/2006 16:00:00,84.61
3/11/2006 16:00,87
10/11/2006 16:00,85.75
17/11/2006 16:00:00,89.15
24/11/2006 16:00:00,89.33
1/12/2006 16:00,90.35
8/12/2006 16:00,91.82
15/12/2006 16:00:00,90.04
22/12/2006 16:00:00,91.7
29/12/2006 16:00:00,92.07
5/1/2007 16:00,92.02
12/1/2007 16:00,96.31
19/01/2007 16:00:00,97.27
26/01/2007 16:00:00,96.67
2/2/2007 16:00,98.46
9/2/2007 16:00,101.16
16/02/2007 16:00:00,101.95
23/02/2007 16:00:00,102.11
2/3/2007 16:00,95.44
9/3/2007 16:00,96.89
16/03/2007 16:00:00,97.8
23/03/2007 16:00:00,99.15
30/03/2007 16:00:00,97.02
5/4/2007 16:00,96.71
13/04/2007 16:00:00,96.24
20/04/2007 16:00:00,95.4
27/04/2007 16:00:00,96.69
4/5/2007 16:00,96.64
11/5/2007 16:00,98.84
18/05/2007 16:00:00,98.16
25/05/2007 16:00:00,97.01
1/6/2007 16:00,97.43
8/6/2007 16:00,96.89
15/06/2007 16:00:00,96.55
22/06/2007 16:00:00,93.39
29/06/2007 16:00:00,94.13
6/7/2007 16:00,96.63
13/07/2007 16:00:00,97.34
20/07/2007 16:00:00,97.89
27/07/2007 16:00:00,99.28
3/8/2007 16:00,99.37
10/8/2007 16:00,94.31
17/08/2007 16:00:00,96.22
24/08/2007 16:00:00,100.02
31/08/2007 16:00:00,99.14
7/9/2007 16:00,96.64
14/09/2007 16:00:00,101.34
21/09/2007 16:00:00,103.2
28/09/2007 16:00:00,108.49
5/10/2007 16:00,108.7
12/10/2007 16:00,111.67
19/10/2007 16:00:00,106.16
26/10/2007 16:00:00,108.61
2/11/2007 16:00,110.12
9/11/2007 16:00,109.35
16/11/2007 16:00:00,111.37
23/11/2007 16:00:00,111.01
30/11/2007 16:00:00,110.67
7/12/2007 16:00,111.01
14/12/2007 16:00:00,110.48
21/12/2007 16:00:00,110.48
28/12/2007 16:00:00,106.78
4/1/2008 16:00,106.5
11/1/2008 16:00,109.46
18/01/2008 16:00:00,101.88
25/01/2008 16:00:00,105.49
1/2/2008 16:00,108.12
8/2/2008 16:00,105.76
15/02/2008 16:00:00,105.76
22/02/2008 16:00:00,105.12
29/02/2008 16:00:00,103.2
7/3/2008 16:00,103.18
14/03/2008 16:00:00,100.54
20/03/2008 16:00:00,100.05
28/03/2008 16:00:00,100.18
4/4/2008 16:00,100.81
11/4/2008 16:00,103.01
18/04/2008 16:00:00,106.24
25/04/2008 16:00:00,107.63
2/5/2008 16:00,106.93
9/5/2008 16:00,105.84
16/05/2008 16:00:00,109.16
23/05/2008 16:00:00,107.42
30/05/2008 16:00:00,109.44
6/6/2008 16:00,103.75
13/06/2008 16:00:00,104.07
20/06/2008 16:00:00,102.07
27/06/2008 16:00:00,99.62
3/7/2008 16:00,101.48
11/7/2008 16:00,102.68
18/07/2008 16:00:00,100.99
25/07/2008 16:00:00,104.62
1/8/2008 16:00,103.97
8/8/2008 16:00,112.06
15/08/2008 16:00:00,116.67
22/08/2008 16:00:00,115.77
29/08/2008 16:00:00,116.44
5/9/2008 16:00,115.72
12/9/2008 16:00,117.27
19/09/2008 16:00:00,110.88
26/09/2008 16:00:00,112.55
3/10/2008 16:00,105.01
10/10/2008 16:00,87.48
17/10/2008 16:00:00,90.75
24/10/2008 16:00:00,75.84
31/10/2008 16:00:00,85.05
7/11/2008 16:00,78.75
14/11/2008 16:00:00,72.26
21/11/2008 16:00:00,72.68
28/11/2008 16:00:00,77.11
5/12/2008 16:00,80.19
12/12/2008 16:00,77.8
19/12/2008 16:00:00,80.01
26/12/2008 16:00:00,81.11
2/1/2009 16:00,85.55
9/1/2009 16:00,80.76
16/01/2009 16:00:00,82.16
23/01/2009 16:00:00,80.98
30/01/2009 16:00:00,82.04
6/2/2009 16:00,79.37
13/02/2009 16:00:00,78.47
20/02/2009 16:00:00,77.75
27/02/2009 16:00:00,63.11
6/3/2009 16:00,58.85
13/03/2009 16:00:00,61.2
20/03/2009 16:00:00,67.78
27/03/2009 16:00:00,71.28
3/4/2009 16:00,67.31
9/4/2009 16:00,73.32
17/04/2009 16:00:00,76.94
24/04/2009 16:00:00,77.08
1/5/2009 16:00,81.59
8/5/2009 16:00,82.46
15/05/2009 16:00:00,79.93
22/05/2009 16:00:00,81.44
29/05/2009 16:00:00,83.63
5/6/2009 16:00,86.17
12/6/2009 16:00,82.77
19/06/2009 16:00:00,82.55
26/06/2009 16:00:00,80.97
2/7/2009 16:00,79.52
10/7/2009 16:00,77.91
17/07/2009 16:00:00,81.09
24/07/2009 16:00:00,74.08
31/07/2009 16:00:00,74.76
7/8/2009 16:00,76.76
14/08/2009 16:00:00,74.59
21/08/2009 16:00:00,74.92
28/08/2009 16:00:00,74.95
4/9/2009 16:00,75.28
11/9/2009 16:00,75.64
18/09/2009 16:00:00,80.08
25/09/2009 16:00:00,77.89
2/10/2009 16:00,75.37
9/10/2009 16:00,75.82
16/10/2009 16:00:00,75.44
23/10/2009 16:00:00,72.19
30/10/2009 16:00:00,68.79
6/11/2009 16:00,73.77
13/11/2009 16:00:00,76.07
20/11/2009 16:00:00,76.1
27/11/2009 16:00:00,77.1
4/12/2009 16:00,78.21
11/12/2009 16:00,76.78
18/12/2009 16:00:00,76.34
24/12/2009 16:00:00,75.11
31/12/2009 16:00:00,75.35
8/1/2010 16:00,75.61
15/01/2010 16:00:00,76.76
22/01/2010 16:00:00,75.58
29/01/2010 16:00:00,74.52
5/2/2010 16:00,75.72
12/2/2010 16:00,75.58
19/02/2010 16:00:00,77.21
26/02/2010 16:00:00,77.76
5/3/2010 16:00,81.27
12/3/2010 16:00,83.09
19/03/2010 16:00:00,86.9
26/03/2010 16:00:00,84.24
1/4/2010 16:00,83.88
9/4/2010 16:00,82.79
16/04/2010 16:00:00,82.99
23/04/2010 16:00:00,86.92
30/04/2010 16:00:00,84.89
7/5/2010 16:00,81.27
14/05/2010 16:00:00,80.79
21/05/2010 16:00:00,81.16
28/05/2010 16:00:00,79.92
4/6/2010 16:00,77.39
11/6/2010 16:00,78.75
18/06/2010 16:00:00,80.69
25/06/2010 16:00:00,78.05
2/7/2010 16:00,74.44
9/7/2010 16:00,75.24
16/07/2010 16:00:00,73.93
23/07/2010 16:00:00,73.95
30/07/2010 16:00:00,75.15
6/8/2010 16:00,75.07
13/08/2010 16:00:00,72.72
20/08/2010 16:00:00,73.2
27/08/2010 16:00:00,72.27
3/9/2010 16:00,70.72
10/9/2010 16:00,70.38
17/09/2010 16:00:00,69.75
24/09/2010 16:00:00,73.13
1/10/2010 16:00,69.61
8/10/2010 16:00,70.1
15/10/2010 16:00:00,70.02
22/10/2010 16:00:00,71.78
29/10/2010 16:00:00,71.29
5/11/2010 16:00,73.27
12/11/2010 16:00,69.49
19/11/2010 16:00:00,69.43
26/11/2010 16:00:00,68.8
3/12/2010 16:00,69.18
10/12/2010 16:00,68.84
17/12/2010 16:00:00,70.07
23/12/2010 16:00:00,69.25
31/12/2010 16:00:00,69.91
7/1/2011 16:00,73.63
14/01/2011 16:00:00,74.5
21/01/2011 16:00:00,79.22
28/01/2011 16:00:00,78.2
4/2/2011 16:00,80.71
11/2/2011 16:00,81.69
18/02/2011 16:00:00,81.81
25/02/2011 16:00:00,80.11
4/3/2011 16:00,79.85
11/3/2011 16:00,80.47
18/03/2011 16:00:00,80.53
25/03/2011 16:00:00,80.37
1/4/2011 16:00,80.98
8/4/2011 16:00,80.5
15/04/2011 16:00:00,78.19
21/04/2011 16:00:00,77.78
29/04/2011 16:00:00,79.25
6/5/2011 16:00,79.95
13/05/2011 16:00:00,79.59
20/05/2011 16:00:00,79.75
27/05/2011 16:00:00,77.26
3/6/2011 16:00,76.28
10/6/2011 16:00,77.3
17/06/2011 16:00:00,80.01
24/06/2011 16:00:00,79.2
1/7/2011 16:00,81.97
8/7/2011 16:00,80.51
15/07/2011 16:00:00,78.37
22/07/2011 16:00:00,79.6
29/07/2011 16:00:00,75.73
5/8/2011 16:00,72.82
12/8/2011 16:00,69.12
19/08/2011 16:00:00,69.39
26/08/2011 16:00:00,73.25
2/9/2011 16:00,71.37
9/9/2011 16:00,71.57
16/09/2011 16:00:00,76.03
23/09/2011 16:00:00,72.09
30/09/2011 16:00:00,72.64
7/10/2011 16:00,74
14/10/2011 16:00:00,75.99
21/10/2011 16:00:00,77.4
28/10/2011 16:00:00,75.43
4/11/2011 16:00,76.52
11/11/2011 16:00,77.42
18/11/2011 16:00:00,75.1
25/11/2011 16:00:00,75.39
2/12/2011 16:00,77.82
9/12/2011 16:00,77.42
16/12/2011 16:00:00,77.1
23/12/2011 16:00:00,81.41
30/12/2011 16:00:00,80.9
6/1/2012 16:00,79.98
13/01/2012 16:00:00,81.52
20/01/2012 16:00:00,82.78
27/01/2012 16:00:00,82.02
3/2/2012 16:00,84.59
10/2/2012 16:00,87.51
17/02/2012 16:00:00,87.99
24/02/2012 16:00:00,89.53
2/3/2012 16:00,88.5
9/3/2012 16:00,88.91
16/03/2012 16:00:00,89.32
23/03/2012 16:00:00,89.77
30/03/2012 16:00:00,89.86
5/4/2012 16:00,90.15
13/04/2012 16:00:00,89.3
20/04/2012 16:00:00,90.84
27/04/2012 16:00:00,91.3
4/5/2012 16:00,87.83
11/5/2012 16:00,85.21
18/05/2012 16:00:00,82.78
25/05/2012 16:00:00,82.71
1/6/2012 16:00,81.22
8/6/2012 16:00,83.29
15/06/2012 16:00:00,83.45
22/06/2012 16:00:00,85.35
29/06/2012 16:00:00,87.08
6/7/2012 16:00,86.86
13/07/2012 16:00:00,87.25
20/07/2012 16:00:00,87.71
27/07/2012 16:00:00,90.2
3/8/2012 16:00,89.39
10/8/2012 16:00,91.03
17/08/2012 16:00:00,92.4
24/08/2012 16:00:00,92.45
31/08/2012 16:00:00,91.14
7/9/2012 16:00,92.18
14/09/2012 16:00:00,92.52
21/09/2012 16:00:00,91.29
28/09/2012 16:00:00,93.38
5/10/2012 16:00,94.37
12/10/2012 16:00,92.96
19/10/2012 16:00:00,92.89
26/10/2012 16:00:00,92.84
2/11/2012 16:00,93.72
9/11/2012 16:00,89.98
16/11/2012 16:00:00,88.46
23/11/2012 16:00:00,91.83
30/11/2012 16:00:00,93.3
7/12/2012 16:00,91.9
14/12/2012 16:00:00,88.96
21/12/2012 16:00:00,93.13
28/12/2012 16:00:00,91.34
4/1/2013 16:00,93.9
11/1/2013 16:00,93.71
18/01/2013 16:00:00,93.97
25/01/2013 16:00:00,92.39
1/2/2013 16:00,87.22
8/2/2013 16:00,88.01
15/02/2013 16:00:00,87.87
22/02/2013 16:00:00,88.12
1/3/2013 16:00,88.17
8/3/2013 16:00,89.99
15/03/2013 16:00:00,92.74
22/03/2013 16:00:00,92.26
28/03/2013 16:00:00,96.52
5/4/2013 16:00,94.53
12/4/2013 16:00,97.18
19/04/2013 16:00:00,96.28
26/04/2013 16:00:00,98.97
3/5/2013 16:00,102.01
10/5/2013 16:00,101.94
17/05/2013 16:00:00,106.41
24/05/2013 16:00:00,107.06
31/05/2013 16:00:00,105.83
7/6/2013 16:00,107.36
14/06/2013 16:00:00,107.7
21/06/2013 16:00:00,105.06
28/06/2013 16:00:00,108.46
5/7/2013 16:00,108.66
12/7/2013 16:00,112.53
19/07/2013 16:00:00,115.55
26/07/2013 16:00:00,120
2/8/2013 16:00,123.77
9/8/2013 16:00,124.02
16/08/2013 16:00:00,122.2
23/08/2013 16:00:00,126
30/08/2013 16:00:00,122.42
6/9/2013 16:00,123.73
13/09/2013 16:00:00,127.25
20/09/2013 16:00:00,128
27/09/2013 16:00:00,129.24
4/10/2013 16:00,122.5
11/10/2013 16:00,126.17
18/10/2013 16:00:00,128.9
25/10/2013 16:00:00,134
1/11/2013 16:00,134.55
8/11/2013 16:00,138.11
15/11/2013 16:00:00,137.45
22/11/2013 16:00:00,140.88
29/11/2013 16:00:00,141.67
6/12/2013 16:00,138.19
13/12/2013 16:00:00,139.03
20/12/2013 16:00:00,144.21
27/12/2013 16:00:00,148.13
3/1/2014 16:00,147.06
10/1/2014 16:00,149.45
17/01/2014 16:00:00,153.82
24/01/2014 16:00:00,147.76
31/01/2014 16:00:00,150.91
7/2/2014 16:00,155.13
14/02/2014 16:00:00,162.89
21/02/2014 16:00:00,164.33
28/02/2014 16:00:00,162.3
7/3/2014 16:00,166.57
14/03/2014 16:00:00,162.42
21/03/2014 16:00:00,157.4
28/03/2014 16:00:00,160.54
4/4/2014 16:00,159.61
11/4/2014 16:00,153.82
17/04/2014 16:00:00,160.25
25/04/2014 16:00:00,161.09
2/5/2014 16:00,163.9
9/5/2014 16:00,165.18
16/05/2014 16:00:00,162.1
23/05/2014 16:00:00,162.64
30/05/2014 16:00:00,163.65
6/6/2014 16:00,167.17
13/06/2014 16:00:00,164.04
20/06/2014 16:00:00,165.4
27/06/2014 16:00:00,162.7
3/7/2014 16:00,159.9
11/7/2014 16:00,160.31
18/07/2014 16:00:00,162.49
25/07/2014 16:00:00,170.04
1/8/2014 16:00,167.12
8/8/2014 16:00,165.8
15/08/2014 16:00:00,169.16
22/08/2014 16:00:00,175.15
29/08/2014 16:00:00,174
5/9/2014 16:00,174.58
12/9/2014 16:00,174.43
19/09/2014 16:00:00,180.74
26/09/2014 16:00:00,181.58
3/10/2014 16:00,178.34
10/10/2014 16:00,174.47
17/10/2014 16:00:00,176.24
24/10/2014 16:00:00,181.33
31/10/2014 16:00:00,190.57
7/11/2014 16:00,186.15
14/11/2014 16:00:00,186.6
21/11/2014 16:00:00,187.93
28/11/2014 16:00:00,191.56
5/12/2014 16:00,189.87
12/12/2014 16:00,185.18
19/12/2014 16:00:00,192.85
26/12/2014 16:00:00,196.84
2/1/2015 16:00,193.31
9/1/2015 16:00,195.02
16/01/2015 16:00:00,194.71
23/01/2015 16:00:00,197.44
30/01/2015 16:00:00,188.37
6/2/2015 16:00,195.24
13/02/2015 16:00:00,196.95
20/02/2015 16:00:00,203.99
27/02/2015 16:00:00,200.05
6/3/2015 16:00,197.66
13/03/2015 16:00:00,197.11
20/03/2015 16:00:00,203.77
27/03/2015 16:00:00,202.23
2/4/2015 16:00,198.72
10/4/2015 16:00,200.4
17/04/2015 16:00:00,194.82
24/04/2015 16:00:00,195.37
1/5/2015 16:00,189
8/5/2015 16:00,190.48
15/05/2015 16:00:00,192.36
22/05/2015 16:00:00,192.86
29/05/2015 16:00:00,188.2
5/6/2015 16:00,189.33
12/6/2015 16:00,190.98
19/06/2015 16:00:00,191.14
26/06/2015 16:00:00,188.64
2/7/2015 16:00,187.3
10/7/2015 16:00,194.19
17/07/2015 16:00:00,201.18
24/07/2015 16:00:00,201.04
31/07/2015 16:00:00,207.1
7/8/2015 16:00,209.09
14/08/2015 16:00:00,211.96
21/08/2015 16:00:00,204.68
28/08/2015 16:00:00,203.9
4/9/2015 16:00,202.62
11/9/2015 16:00,206.81
18/09/2015 16:00:00,203.31
25/09/2015 16:00:00,203.89
2/10/2015 16:00,206.61
9/10/2015 16:00,213.26
16/10/2015 16:00:00,209.78
23/10/2015 16:00:00,219.32
30/10/2015 16:00:00,219.83
6/11/2015 16:00,216.63
13/11/2015 16:00:00,213.16
20/11/2015 16:00:00,226.06
27/11/2015 16:00:00,225.91
4/12/2015 16:00,218.39
11/12/2015 16:00,217.2
18/12/2015 16:00:00,212.18
24/12/2015 16:00:00,218.56
31/12/2015 16:00:00,217.15
8/1/2016 16:00,212.91
15/01/2016 16:00:00,215.99
22/01/2016 16:00:00,212.04
29/01/2016 16:00:00,211
5/2/2016 16:00,211.94
12/2/2016 16:00,206.08
19/02/2016 16:00:00,213.62
26/02/2016 16:00:00,217.24
4/3/2016 16:00,218.72
11/3/2016 16:00,217.05
18/03/2016 16:00:00,220.91
24/03/2016 16:00:00,218
1/4/2016 16:00,223.11
8/4/2016 16:00,226.3
15/04/2016 16:00:00,225.81
22/04/2016 16:00:00,226.83
29/04/2016 16:00:00,232.38
6/5/2016 16:00,240.26
13/05/2016 16:00:00,242.12
20/05/2016 16:00:00,240.07
27/05/2016 16:00:00,240.09
3/6/2016 16:00,238.92
10/6/2016 16:00,240.58
17/06/2016 16:00:00,237.56
24/06/2016 16:00:00,239.7
1/7/2016 16:00,249.35
8/7/2016 16:00,251.9
15/07/2016 16:00:00,256.98
22/07/2016 16:00:00,257.31
29/07/2016 16:00:00,252.73
5/8/2016 16:00,260.29
12/8/2016 16:00,264.15
19/08/2016 16:00:00,254.12
26/08/2016 16:00:00,244.44
2/9/2016 16:00,243.32
9/9/2016 16:00,237.94
16/09/2016 16:00:00,237.45
23/09/2016 16:00:00,245.84
30/09/2016 16:00:00,239.72
7/10/2016 16:00,233.53
14/10/2016 16:00:00,232.57
21/10/2016 16:00:00,230.52
28/10/2016 16:00:00,248
4/11/2016 16:00,236.28
11/11/2016 16:00,259.17
18/11/2016 16:00:00,263.09
25/11/2016 16:00:00,265.92
2/12/2016 16:00,267.62
9/12/2016 16:00,259.53
16/12/2016 16:00:00,250.08
23/12/2016 16:00:00,249.59
30/12/2016 16:00:00,249.94
6/1/2017 16:00,257.85
13/01/2017 16:00:00,254.53
20/01/2017 16:00:00,257.73
27/01/2017 16:00:00,253.5
3/2/2017 16:00,254.46
10/2/2017 16:00,260.55
17/02/2017 16:00:00,265.35
24/02/2017 16:00:00,266
3/3/2017 16:00,267.76
10/3/2017 16:00,268.66
17/03/2017 16:00:00,271.98
24/03/2017 16:00:00,267.42
31/03/2017 16:00:00,267.6
7/4/2017 16:00,270.23
13/04/2017 16:00:00,268
21/04/2017 16:00:00,273.09
28/04/2017 16:00:00,269.45
5/5/2017 16:00,273.03
12/5/2017 16:00,271.26
19/05/2017 16:00:00,272.79
26/05/2017 16:00:00,283.65
2/6/2017 16:00,281.76
9/6/2017 16:00,277
16/06/2017 16:00:00,281.11
23/06/2017 16:00:00,280.64
30/06/2017 16:00:00,277.61
7/7/2017 16:00,285.2
14/07/2017 16:00:00,288.13
21/07/2017 16:00:00,289.12
28/07/2017 16:00:00,290.41
4/8/2017 16:00,297
11/8/2017 16:00,303.75
18/08/2017 16:00:00,299.2
25/08/2017 16:00:00,302.8
1/9/2017 16:00,302.19
8/9/2017 16:00,302.9
15/09/2017 16:00:00,302.3
22/09/2017 16:00:00,308.54
29/09/2017 16:00:00,310.29
6/10/2017 16:00,316.46
13/10/2017 16:00:00,319.39
20/10/2017 16:00:00,320
27/10/2017 16:00:00,308
3/11/2017 16:00,309.99
10/11/2017 16:00,311.17
17/11/2017 16:00:00,309.7
24/11/2017 13:00:00,315.82
1/12/2017 16:00,313.57
8/12/2017 16:00,315.85
15/12/2017 16:00:00,322.82
22/12/2017 16:00:00,318.03
29/12/2017 16:00:00,321.05
5/1/2018 16:00,329.68
12/1/2018 16:00,336.25
19/01/2018 16:00:00,332
26/01/2018 16:00:00,344.9
2/2/2018 16:00,352.66
9/2/2018 16:00,341.42
16/02/2018 16:00:00,360.53
23/02/2018 16:00:00,358.69
2/3/2018 16:00,341.72
9/3/2018 16:00,340.49
16/03/2018 16:00:00,331.4
23/03/2018 16:00:00,336.31
29/03/2018 16:00:00,337.93
6/4/2018 16:00,334.66
13/04/2018 16:00:00,342.6
20/04/2018 16:00:00,351.99
27/04/2018 16:00:00,322.03
4/5/2018 16:00,311.44
11/5/2018 16:00,324.04
18/05/2018 16:00:00,320.45
25/05/2018 16:00:00,320.8
1/6/2018 16:00,316.63
8/6/2018 16:00,322.31
15/06/2018 16:00:00,310.14
22/06/2018 16:00:00,299.38
29/06/2018 16:00:00,295.43
6/7/2018 16:00,299.19
13/07/2018 16:00:00,318.37
20/07/2018 16:00:00,322.55
27/07/2018 16:00:00,324.09
3/8/2018 16:00,320.55
10/8/2018 16:00,313.12
17/08/2018 16:00:00,325.23
24/08/2018 16:00:00,321.29
31/08/2018 16:00:00,320.41
7/9/2018 16:00,328.53
14/09/2018 16:00:00,335.8
21/09/2018 16:00:00,337.66
28/09/2018 16:00:00,345.96
5/10/2018 16:00,347.21
12/10/2018 16:00,327.62
19/10/2018 16:00:00,328.14
26/10/2018 16:00:00,305.05
2/11/2018 16:00,299.28
9/11/2018 16:00,313.12
16/11/2018 16:00:00,301.24
23/11/2018 13:00:00,295.38
30/11/2018 16:00:00,300.43
7/12/2018 16:00,285.4
14/12/2018 16:00:00,287.7
21/12/2018 16:00:00,256.55
28/12/2018 16:00:00,261.26
4/1/2019 16:00,265.04
11/1/2019 16:00,277.73
18/01/2019 16:00:00,282.87
25/01/2019 16:00:00,287.04
1/2/2019 16:00,290.58
8/2/2019 16:00,301.5
15/02/2019 16:00:00,307.23
22/02/2019 16:00:00,307.13
1/3/2019 16:00,309.47
8/3/2019 16:00,300.95
15/03/2019 16:00:00,296.15
22/03/2019 16:00:00,294.01
29/03/2019 16:00:00,300.16
5/4/2019 16:00,302.58
12/4/2019 16:00,309.7
18/04/2019 16:00:00,314.26
26/04/2019 16:00:00,328.33
3/5/2019 16:00,334.07
10/5/2019 16:00,341.35
17/05/2019 16:00:00,337.99
24/05/2019 16:00:00,338.78
31/05/2019 16:00:00,338.54
7/6/2019 16:00,355.23
14/06/2019 16:00:00,350.14
21/06/2019 16:00:00,359.36
28/06/2019 16:00:00,363.54
5/7/2019 16:00,369.92
12/7/2019 16:00,369.45
19/07/2019 16:00:00,356.96
26/07/2019 16:00:00,369.46
2/8/2019 16:00,361.91
9/8/2019 16:00,377.01
16/08/2019 16:00:00,377
23/08/2019 16:00:00,376.89
30/08/2019 16:00:00,384.11
6/9/2019 16:00,386.56
13/09/2019 16:00:00,384.86
20/09/2019 16:00:00,388.25
27/09/2019 16:00:00,387.87
4/10/2019 16:00,384.95
11/10/2019 16:00,381.47
18/10/2019 16:00:00,372.48
25/10/2019 16:00:00,370.73
1/11/2019 16:00,379.17
8/11/2019 16:00,381.86
15/11/2019 16:00:00,393.55
22/11/2019 16:00:00,390.74
29/11/2019 13:00:00,391.03
6/12/2019 16:00,386.86
13/12/2019 16:00:00,386.47
20/12/2019 16:00:00,386.47
27/12/2019 16:00:00,393.6
3/1/2020 16:00,413.74
10/1/2020 16:00,413.83
17/01/2020 16:00:00,425.66
24/01/2020 16:00:00,432.5
31/01/2020 16:00:00,428.12
7/2/2020 16:00,439.17
14/02/2020 16:00:00,437.85
21/02/2020 16:00:00,427.8
28/02/2020 16:00:00,369.87
6/3/2020 16:00,382.47
13/03/2020 16:00:00,328.59
20/03/2020 16:00:00,291.22
27/03/2020 16:00:00,348.38
3/4/2020 16:00,350.5
9/4/2020 16:00,371
17/04/2020 16:00:00,401.51
24/04/2020 16:00:00,381.77
1/5/2020 16:00,383.47
8/5/2020 16:00,378.4
15/05/2020 16:00:00,360.4
22/05/2020 16:00:00,369
29/05/2020 16:00:00,388.44
5/6/2020 16:00,410.75
12/6/2020 16:00,381.87
19/06/2020 16:00:00,372.2
26/06/2020 16:00:00,356.76
2/7/2020 16:00,362
10/7/2020 16:00,349.25
17/07/2020 16:00:00,368.5
24/07/2020 16:00:00,386.21
31/07/2020 16:00:00,378.97
7/8/2020 16:00,385.62
14/08/2020 16:00:00,391.42
21/08/2020 16:00:00,389.57
28/08/2020 16:00:00,395.59
4/9/2020 16:00,385.02
11/9/2020 16:00,389.45
18/09/2020 16:00:00,395.14
25/09/2020 16:00:00,386.7
2/10/2020 16:00,380.58
9/10/2020 16:00,385.93
16/10/2020 16:00:00,386.5
23/10/2020 16:00:00,374.33
30/10/2020 16:00:00,350.13
6/11/2020 16:00,361.27
13/11/2020 16:00:00,375.14
20/11/2020 16:00:00,368.02
27/11/2020 13:00:00,374.34
4/12/2020 16:00,366.61
11/12/2020 16:00,361.71
18/12/2020 16:00:00,356.03
24/12/2020 13:00:00,351.97
31/12/2020 16:00:00,354.98
8/1/2021 16:00,336.1
15/01/2021 16:00:00,347.27
22/01/2021 16:00:00,339.88
29/01/2021 16:00:00,321.82
5/2/2021 16:00,337.04
12/2/2021 16:00,337.73
19/02/2021 16:00:00,335.42
26/02/2021 16:00:00,330.25
5/3/2021 16:00,340.43
12/3/2021 16:00,340.19
19/03/2021 16:00:00,355.07
26/03/2021 16:00:00,364.71
1/4/2021 16:00,371.02
9/4/2021 16:00,386.23
16/04/2021 16:00:00,391.81
23/04/2021 16:00:00,377.29
30/04/2021 16:00:00,380.56
7/5/2021 16:00,390.34
14/05/2021 16:00:00,390.78
21/05/2021 16:00:00,387.22
28/05/2021 16:00:00,382.2
4/6/2021 16:00,394.1
11/6/2021 16:00,387.72
18/06/2021 16:00:00,379.19
25/06/2021 16:00:00,382.01
2/7/2021 16:00,381.49
9/7/2021 16:00,383.11
16/07/2021 16:00:00,377.14
23/07/2021 16:00:00,380.77
30/07/2021 16:00:00,371.67
6/8/2021 16:00,362.05
13/08/2021 16:00:00,357.98
20/08/2021 16:00:00,357.17
27/08/2021 16:00:00,361.99
3/9/2021 16:00,356
10/9/2021 16:00,345.88
17/09/2021 16:00:00,340.98
24/09/2021 16:00:00,349.52
1/10/2021 16:00,347.8
8/10/2021 16:00,353.75
15/10/2021 16:00:00,365.62
22/10/2021 16:00:00,374.6
29/10/2021 16:00:00,332.32
5/11/2021 16:00,339.89
12/11/2021 16:00,339.06
19/11/2021 16:00:00,341.44
26/11/2021 13:00:00,342.72
3/12/2021 16:00,333.81
10/12/2021 16:00,344.88
17/12/2021 16:00:00,344.14
23/12/2021 16:00:00,347.02
31/12/2021 16:00:00,355.41
7/1/2022 16:00,360.14
14/01/2022 16:00:00,372.62
21/01/2022 16:00:00,371.2
28/01/2022 16:00:00,393.15
4/2/2022 16:00,389.33
11/2/2022 16:00,396.19
18/02/2022 16:00:00,386.46
25/02/2022 16:00:00,409.49
4/3/2022 16:00,458.15
11/3/2022 16:00,439.04
18/03/2022 16:00:00,426.18
25/03/2022 16:00:00,453.66
1/4/2022 16:00,445.98
8/4/2022 16:00,461.52
14/04/2022 16:00:00,467.66
22/04/2022 16:00:00,445.79
29/04/2022 16:00:00,432.12
6/5/2022 16:00,449.43
13/05/2022 16:00:00,435.17
20/05/2022 16:00:00,424.15
27/05/2022 16:00:00,450.56
3/6/2022 16:00,442.69
10/6/2022 16:00,430.19
17/06/2022 16:00:00,404.01
24/06/2022 16:00:00,419.04
1/7/2022 16:00,433.52
8/7/2022 16:00,420.35
15/07/2022 16:00:00,398.38
22/07/2022 16:00:00,394.74
29/07/2022 16:00:00,413.81
5/8/2022 16:00,426.41
12/8/2022 16:00,434.24
19/08/2022 16:00:00,440.03
26/08/2022 16:00:00,431.13
2/9/2022 16:00,418.57
9/9/2022 16:00,421.53
16/09/2022 16:00:00,414.29
23/09/2022 16:00:00,413.07
30/09/2022 16:00:00,386.29
7/10/2022 16:00,403.96
14/10/2022 16:00:00,389.41
21/10/2022 16:00:00,454.61
28/10/2022 16:00:00,484.87
4/11/2022 16:00,481.67
11/11/2022 16:00,463.86
18/11/2022 16:00:00,476.82
25/11/2022 13:00:00,483.46
2/12/2022 16:00,496.23
9/12/2022 16:00,483.58
16/12/2022 16:00:00,481.79
23/12/2022 16:00:00,483.29
30/12/2022 16:00:00,486.49
